owner_name,clearance_authority,city,state,zone_circle,owner_type,latitude,longitude,radius,Nearest PS,Permitted Flight Altitude,Reference Order Details
N A,AAI,AGATTI,LAKSHWADEEP,red_orange,central government,10.82388889,72.17694444,3,,,
SVBPI airport,AAI,AHMEDABAD,GUJARAT,red_orange,central government,23.07118889,72.62643056,3,,,
,AAI,AIZAWL (TURIAL),MIZORAM,red_orange,central government,23.74527778,92.80611111,3,,,
,AAI,AKOLA,MAHARASHTRA,red_orange,central government,20.69777778,77.05888889,3,,,
,AAI,AMRITSAR(RAJA SANSI),PUNJAB,red_orange,central government,31.70472222,74.80194444,3,,,
,AAI,ASANSOL,5,red_orange,central government,23.66666667,87.01666667,3,,,
Aurangabad Airport,AAI,AURANGABAD,MAHARASHTRA,red_orange,central government,19.86444444,75.3975,3,,,
Balurghat airport,AAI,BALURGHAT,WEST BENGAL,red_orange,central government,25.26305556,88.79833333,3,,,
,AAI,BARAPANI,MEGHALAYA,red_orange,central government,25.70333333,91.97805556,3,,,
,AAI,SHILLONG,MEGHALAYA,red_orange,central government,25.70333333,91.97805556,3,,,
,AAI,BEHALA,WEST BENGAL,red_orange,central government,22.50611111,88.29666667,3,,,
,AAI,BELGAUM (SAMBRA),KARNATAKA,red_orange,central government,15.85861111,74.61777778,3,,,
BENGALURU INTERNATIONAL AIRPORT (BIAL),BIAL, DEVANHALLI,KARNATAKA,red_orange,central government,13.19886667,77.70547222,5,,,
,AAI,BHAVNAGAR,GUJARAT,red_orange,central government,21.75416667,72.19055556,3,,,
RAJA BHOJ AIRPORT,AAI,BHOPAL ,MADHYA PRADESH,red_orange,central government,23.28694444,77.33694444,3,,,
BIJU PATNAIK AIRPORT,AAI,BHUBNESHWAR,ORISSA,red_orange,central government,20.24666667,85.81861111,3,,,
,AAI,BILASPUR,CHATTISGARH,red_orange,central government,22,82.06666667,3,,,
,AAI,CHAKULIA,JHARKHAND,red_orange,central government,22.46,86.71027778,3,,,
,AAI,CHENNAI,TAMIL NADU,red_orange,central government,12.99491667,80.1755,5,,,
COCHIN INTERNATIONAL AIRPORT LTD (CIAL),AAI,COCHIN ,KERALA,red_orange,central government,10.15388889,76.40694444,3,,,
,CIAL,COIMBATORE (PEELAMEDU),TAMIL NADU,red_orange,central government,11.02694444,77.04166667,3,,,
,AAI,COOCH BEHAR,WEST BENGAL,red_orange,central government,26.32966667,89.46711111,3,,,
,AAI,CUDDAPAH,ANDRA PRADESH,red_orange,central government,14.51666667,78.78333333,3,,,
,AAI,DEESA (PALANPUR),GUJARAT,red_orange,central government,24.26777778,72.205,3,,,
,AAI,DEHRADUN (JOLLYGRANT),UTTARAKHAND,red_orange,central government,30.19055556,78.18222222,3,,,
IGI AIRPORT,AAI,DELHI (PALAM),DELHI,red_orange,central government,28.56872778,77.11213611,3,,,
,Leased to DIAL(MOHANBARI),DIBRUGARH,ASSAM,red_orange,central government,27.48111111,95.01805556,3,,,
,AAI,DIMAPUR,NAGALAND,red_orange,central government,25.88333333,93.77111111,3,,,
,AAI,DONAKONDA,ANDHRA PRADESH,red_orange,central government,15.83333333,79.5,3,,,
,AAI,GONDIA,MAHARASHTRA,red_orange,central government,21.51666667,80.33333333,3,,,
LGBI AIRPORT,AAI,GUWAHATI ,ASSAM,red_orange,central government,26.105,91.58555556,3,,,
,AAI,GAYA,BIHAR,red_orange,central government,24.74805556,84.9425,3,,,
,AAI,HUBLI,KARNATAKA,red_orange,central government,15.36305556,75.08555556,3,,,
,AAI,HYDERABAD (BEGUMPET),ANDRA PRADESH,red_orange,central government,17.4525,78.46388889,5,,,
HYDERABAD INTERNATIONAL AIRPORT(HIAL),AAI, SHAMSABAD,ANDHRA PRADESH,red_orange,central government,17.24055556,78.42888889,5,,,
,JV Airport operated by HIAL,IMPHAL (TULIHAL),MANIPUR,red_orange,central government,24.76416667,93.89944444,3,,,
DEVI AHILYABAI HOLKAR AIRPORT,AAI,INDORE ,MADHYA PRADESH,red_orange,central government,22.72333333,75.80555556,3,,,
,AAI,JABALPUR,MADHYA PRADESH,red_orange,central government,23.18333333,80.06027778,3,,,
,AAI,JALGAON,MAHARASHTRA,red_orange,central government,20.96159444,75.62456389,3,,,
,AAI,JAIPUR (SANGANER),RAJASTHAN,red_orange,central government,26.82416667,75.8025,3,,,
,AAI,JHANSI,UTTAR PRADESH,red_orange,central government,25.48333333,78.56666667,3,,,
,AAI (Under Army),JHARSUGUDA,ORISSA,red_orange,central government,21.91416667,84.05083333,3,,,
,AAI,JOGBANI,BIHAR,red_orange,central government,26.3,87.3,3,,,
,AAI,JUHU (MUMBAI)*,MAHARASHTRA,red_orange,central government,19.09666667,72.83444444,3,,,
,AAI,KAILASHAHAR,TRIPURA,red_orange,central government,24.30777778,92.00916667,3,,,
,AAI,KAMALPUR,TRIPURA,red_orange,central government,24.13166667,91.81416667,3,,,
,AAI,KESHOD,GUJARAT,red_orange,central government,21.31444444,70.26944444,3,,,
,AAI,KANDLA,GUJARAT,red_orange,central government,23.11166667,70.10138889,3,,,
,AAI,KHANDWA,MADHYA PRADESH,red_orange,central government,21.85,76.33333333,3,,,
,AAI,KHOWAI,TRIPURA,red_orange,central government,24.06166667,91.6075,3,,,
,AAI,GAGGAL (KANGRA),HIMACHAL PRADESH,red_orange,central government,32.16527778,76.26194444,3,,,
,AAI,KANPUR (CIVIL),UTTAR PRADESH,red_orange,central government,26.44027778,80.36472222,3,,,
,AAI,KHAJURAHO,MADHYA PRADESH,red_orange,central government,24.82,79.91833333,3,,,
,AAI,KISHANGARH,RAJASTHAN,red_orange,central government,26.6,74.81666667,3,,,
,AAI,KOTA,RAJASTHAN,red_orange,central government,25.15972222,75.84888889,3,,,
,AAI,KOZHIKODE (CALICUT),KERELA,red_orange,central government,11.13777778,75.95055556,3,,,
,AAI,KOLHAPUR,MAHARASHTRA,red_orange,central government,16.66527778,74.29138889,3,,,
NSCBI AIRPORT,AAI,KOLKATA ,WEST BENGAL,red_orange,central government,22.68166667,88.44666667,5,,,
,AAI,KULLU-MANALI (BHUNTAR),HIMACHAL PRADESH,red_orange,central government,31.87694444,77.15527778,3,,,
,AAI,LALITPUR,UTTAR PRADESH,red_orange,central government,24.71611111,78.4175,3,,,
,AAI,NORTH LAKHIMPUR (LILABARI),ASSAM,red_orange,central government,27.29055556,94.09694444,3,,,
Ch Charan Singh International Airport,AAI,LUCKNOW (AMOUSI),UTTAR PRADESH,red_orange,central government,26.76194444,80.88333333,3,,,
Ludhiana Airport,AAI,LUDHIANA,PUNJAB,red_orange,central government,30.85555556,75.95166667,3,,,
Madurai Airport,AAI,MADURAI,TAMIL NADU,red_orange,central government,9.835277778,78.08833333,3,,,
Malda Airport,AAI,MALDA,WEST BENGAL,red_orange,central government,25.01111111,88.13055556,3,,,
Mangaluru International Airport,AAI,MANGALORE (BAJPE),KARNATAKA,red_orange,central government,12.96194444,74.88972222,3,,,
CSI AIRPORT,AAI,MUMBAI ,MAHARASHTRA,red_orange,central government,19.09166667,72.86611111,5,,,
MUZZAFARPUR Airport,AAI Airport Leased to MIAL,MUZZAFARPUR,BIHAR,red_orange,central government,26.11694444,85.315,3,,,
MYSORE AIRPORT,AAI,MYSORE,KARNATAKA,red_orange,central government,12.22916667,76.65833333,3,,,
,AAI,NADIRGUL,ANDRA PRADESH,red_orange,central government,17.27161111,78.54338889,3,,,
Dr. Babasaheb Ambedkar International Airport,AAI,NAGPUR (SONEGAON) (MIHAN),MAHARASHTRA,red_orange,central government,21.09194444,79.04833333,3,,,
,AAI airport operated by MIPL,PANNA,MADHYA PRADESH,red_orange,central government,24.65416667,80.26111111,3,,,
PANTNAGAR Airport,AAI,PANTNAGAR,UTTARAKHAND,red_orange,central government,29.03222222,79.4725,3,,,
,AAI,PASSIGHAT,ARUNACHAL PRADESH,red_orange,central government,28.1,95.38333333,3,,,
Jay Prakash Narayan International Airport,AAI,PATNA,BIHAR,red_orange,central government,25.59361111,85.09194444,3,,,
Puducherry Airport,AAI,PONDICHERRY,PONDICHERRY,red_orange,central government,11.96638889,79.81194444,3,,,
Porbandar Airport,AAI,PORBANDAR,GUJARAT,red_orange,central government,21.65027778,69.65861111,3,,,
Raipur Airport,AAI,RAIPUR (MANA),CHATTISGARH,red_orange,central government,21.18111111,81.73861111,3,,,
Rajahmundry Airport,AAI,RAJAHMUNDARY,ANDHRA PRADESH,red_orange,central government,17.10861111,81.82166667,3,,,
Rajkot Airport,AAI,RAJKOT,GUJARAT,red_orange,central government,22.30944444,70.77944444,3,,,
BIRSA MUNDA AIRPORT,AAI,RANCHI ,JHARKHAND,red_orange,central government,23.31416667,85.32111111,3,,,
Raxaul Airport,AAI,RAXAUL,BIHAR,red_orange,central government,26.99666667,84.82055556,3,,,
,AAI,RUPSI,ASSAM,red_orange,central government,26.13333333,89.75,3,*,,
SAFDARJUNG AIRPORT,AAI,SAFDARJUNG AIRPORT,DELHI,red_orange,central government,28.58333333,77.20805556,5,,,
SALEM AIRPORT,AAI,SALEM,TAMIL NADU,red_orange,central government,11.77972222,78.06527778,3,,,
Bharhut Airport Satna,AAI,SATNA,MADHYA PRADESH,red_orange,central government,24.56666667,80.85,3,,,
shimla airport,AAI,SHIMLA (JUBBARHATTI),HIMACHAL PRADESH,red_orange,central government,31.08166667,77.06861111,3,,,
,AAI,SHOLAPUR,MAHARASHTRA,red_orange,central government,17.62638889,75.935,3,,,
Surat International Airport Gujarat,AAI,SURAT,GUJARAT,red_orange,central government,21.11305556,72.74305556,3,,,
Tirupati International Airport,AAI,TIRUPATHI,ANDHRA PRADESH,red_orange,central government,13.63305556,79.54194444,3,,,
Tiruchirappalli international airport,AAI,TIRUCHIRAPALLI (TRICHY),TAMIL NADU,red_orange,central government,10.76555556,78.715,3,,,
Trivandrum International Airport,AAI,THIRUVANANTHA- PURAM,KERALA,red_orange,central government,8.479722222,76.91972222,3,,,
,AAI,TEZU,ARUNCHAL PRADESH,red_orange,central government,27.9,96.06666667,3,,,
Tuticorin Airport,AAI,TUTICORIN,TAMIL NADU,red_orange,central government,8.721388889,78.02805556,3,,,
MAHARANA PRATAP AIRPORT,AAI,UDAIPUR ,RAJASTHAN,red_orange,central government,24.6175,73.89444444,3,,,
Maharaja Sayajirao Gaekwad airport,AAI,VADODARA,GUJARAT,red_orange,central government,22.33,73.21888889,3,,,
Lal Bahadur Shastri International Airport,AAI,VARANASI (BABATPUR),U.P.,red_orange,central government,25.45138889,82.85861111,3,,,
Vellore Airport,AAI,VELLORE,TAMIL NADU,red_orange,central government,12.90666667,79.06833333,3,,,
,AAI,VIJAYAWADA,ANDHRA PRADESH,red_orange,central government,16.51722222,80.80333333,3,,,
"Mamnoor Airport,WARANGAL",AAI,WARANGAL,ANDHRA PRADESH,red_orange,central government,17.91444444,79.60222222,3,,,
,DGCA,East Godavari,Andhra Pradesh,green,,16.747170,82.168722,5,,,
,DGCA,Urjanagar,Chhattisgarh,green,,22.136143,83.494964,5,,,
,DGCA,Raigarh,Chhattisgarh,green,,22.130000,83.500000,5,,,
,DGCA,Korba,Chhattisgarh,green,,22.777567,82.853845,5,,,
,DGCA,Raigarh,Chhattisgarh,green,,22.126592,83.528438,5,,,
,DGCA,Mehsana,Gujarat,green,,23.834823,72.596719,5,,,
,DGCA,Kathautia,Jharkhand,green,,24.135732,84.078641,5,,,
,DGCA,Palamu,Jharkhand,green,,24.135000,84.078000,5,,,
,DGCA,Ramgarh,Jharkhand,green,,23.790057,85.556888,5,,,
,DGCA,Chotta Bhoral,Jharkhand,green,,25.035606,87.362312,5,,,
,DGCA,Bagmara,Jharkhand,green,,23.782968,86.228887,5,,,
,DGCA,Lohardaga,Tharkhand,green,,23.484736,84.596233,5,,,
,DGCA,West Khasi Hills,Meghalaya,green,,25.556011,91.606944,5,,,
,DGCA,Kolasib,Mizoram,green,,24.356575,92.880277,5,,,
,DGCA,Kashipur,Odisha,green,,19.353639,82.958746,5,,,
,DGCA,Tiruvallur,Tamil Nadu,green,,13.453096,80.031755,5,,,
,DGCA,Nalgonda,Telangana,green,,16.757993,79.226059,5,,,
,DGCA,Nalgonda,Telangana,green,,17.335323,79.134480,5,,,
,DGCA,Aligarh,Uttar Pradesh,green,,28.068747,78.245840,5,,,
,DGCA,Bulandshahr,Uttar Pradesh,green,,28.445034,78.146960,5,,,
,DGCA,Farrukhabad ,Uttar Pradesh,green,,27.303753,79.559820,5,,,
,DGCA,Kannauj,Uttar Pradesh,green,,28.028789,79.024722,5,,,
,DGCA,Kasganj,Uttar Pradesh,green,,27.918577,78.663250,5,,,
,DGCA,Kasganj,Uttar Pradesh,green,,27.912725,78.647390,5,,,
,DGCA,Kasganj,Uttar Pradesh,green,,27.841898,78.562500,5,,,
,DGCA,Sambhal,Uttar Pradesh,green,,28.526838,78.515580,5,,,
,DGCA,Nandyal,Andhra Pradesh,green,,15.504306,78.491528,5,,,
,DGCA,Tumkur,Karnataka,green,,13.665584,77.343388,5,,,
,DGCA,Sonsade,Maharashtra,green,,18.305000,73.171945,5,,,
,DGCA,Neemrana,Rajasthan,green,,27.990778,76.384500,5,,,
,DGCA,Arani,Tamil Nadu,green,,12.715277,79.279416,5,,,
,DGCA,Kharsa,West Bengal,green,,22.697083,87.584305,5,,,
